SampleID.R,SampleID,Sample.type,Lab.control,Lab.neg,PCR.Replicate,Fish.number,Fish.ID,Sex,Cestode.index,Cestode.present,Sampling.Date,Feed.Type,Size.class,Lab.ID,DNA.extraction.concentration,Library.PCR.concentration,Reads.sequenced,Reads.postprocessing,Nextera.i7.ID,Nextera.i7.seq,Nextera.i5.ID,Nextera.i5.seq,ENA 16S accession,ENA metagenomics accession
Blank1,Blank1,c_blank,TRUE,TRUE,R1,NA,NA,NA,NA,NA,NA,NA,NA,S73,NA,2.2,4046,NA,N712,GTAGAGGA,S502,CTCTCTAT,,
Blank1R,Blank1,c_blank,TRUE,TRUE,R2,NA,NA,NA,NA,NA,NA,NA,NA,S148,NA,2.4,2593,NA,N728,TGCAGCTA,S502,CTCTCTAT,,
Blank2,Blank2,c_blank,TRUE,TRUE,R1,NA,NA,NA,NA,NA,NA,NA,NA,S74,NA,1.5,2093,269,N712,GTAGAGGA,S503,TATCCTCT,,
Blank2R,Blank2,c_blank,TRUE,TRUE,R2,NA,NA,NA,NA,NA,NA,NA,NA,S149,NA,0.4,431,87,N728,TGCAGCTA,S503,TATCCTCT,,
Blank3,Blank3,c_blank,TRUE,TRUE,R1,NA,NA,NA,NA,NA,NA,NA,NA,S75,NA,1.3,3081,NA,N712,GTAGAGGA,S505,GTAAGGAG,,
Blank3R,Blank3,c_blank,TRUE,TRUE,R2,NA,NA,NA,NA,NA,NA,NA,NA,S150,NA,1.9,1439,NA,N728,TGCAGCTA,S505,GTAAGGAG,,
ddH2O,ddH2O,c_ddH2O,TRUE,TRUE,R1,NA,NA,NA,NA,NA,NA,NA,NA,S72,NA,5.3,12006,123,N711,AAGAGGCA,S511,TCTCTCCG,,
ddH2OR,ddH2O,c_ddH2O,TRUE,TRUE,R2,NA,NA,NA,NA,NA,NA,NA,NA,S147,NA,3.5,4871,70,N727,CGATCAGT,S511,TCTCTCCG,,
i134F,i134F,salmon_gut,FALSE,FALSE,R1,134,F134,M,0,FALSE,10apr.18,Feed1,Medium,S58,12.1,45.5,148119,44394,N710,CGAGGCTG,S503,TATCCTCT,,
i134FR,i134F,salmon_gut,FALSE,FALSE,R2,134,F134,M,0,FALSE,10apr.18,Feed1,Medium,S133,12.1,46.2,112031,34108,N726,CCTAAGAC,S503,TATCCTCT,,
i160F,i160F,salmon_gut,FALSE,FALSE,R1,160,F160,M,0,FALSE,10apr.18,Feed1,Medium,S59,14.4,45.5,187582,55740,N710,CGAGGCTG,S505,GTAAGGAG,,
i160FR,i160F,salmon_gut,FALSE,FALSE,R2,160,F160,M,0,FALSE,10apr.18,Feed1,Medium,S134,14.4,43.2,127116,41980,N726,CCTAAGAC,S505,GTAAGGAG,,
i161E,i161E,cestode_body,FALSE,FALSE,R1,161,F161,M,3,TRUE,10apr.18,Feed1,Medium,S18,43.7,25.9,174370,65095,N703,AGGCAGAA,S503,TATCCTCT,,
i161ER,i161E,cestode_body,FALSE,FALSE,R2,161,F161,M,3,TRUE,10apr.18,Feed1,Medium,S93,43.7,48.5,49521,21796,N720,CGGAGCCT,S503,TATCCTCT,,
i161F,i161F,salmon_gut,FALSE,FALSE,R1,161,F161,M,3,TRUE,10apr.18,Feed1,Medium,S38,4.2,35.7,100914,26937,N705,GGACTCCT,S508,CTAAGCCT,,
i161FR,i161F,salmon_gut,FALSE,FALSE,R2,161,F161,M,3,TRUE,10apr.18,Feed1,Medium,S113,4.2,52,119368,28212,N722,ATGCGCAG,S508,CTAAGCCT,,
i161S,i161S,cestode_wash,FALSE,FALSE,R1,161,F161,M,3,TRUE,10apr.18,Feed1,Medium,S1,1,43.5,92864,34351,N701,TAAGGCGA,S502,CTCTCTAT,,
i161SR,i161S,cestode_wash,FALSE,FALSE,R2,161,F161,M,3,TRUE,10apr.18,Feed1,Medium,S76,1,51,121440,48126,N716,ACTCGCTA,S502,CTCTCTAT,,
i162E,i162E,cestode_body,FALSE,FALSE,R1,162,F162,M,1,TRUE,10apr.18,Feed1,Small,S19,5.22,20.9,147713,44556,N703,AGGCAGAA,S505,GTAAGGAG,,
i162ER,i162E,cestode_body,FALSE,FALSE,R2,162,F162,M,1,TRUE,10apr.18,Feed1,Small,S94,5.22,52,119550,46513,N720,CGGAGCCT,S505,GTAAGGAG,,
i162F,i162F,salmon_gut,FALSE,FALSE,R1,162,F162,M,1,TRUE,10apr.18,Feed1,Small,S39,9.03,36.4,80589,42799,N705,GGACTCCT,S510,CGTCTAAT,,
i162FR,i162F,salmon_gut,FALSE,FALSE,R2,162,F162,M,1,TRUE,10apr.18,Feed1,Small,S114,9.03,49.5,71384,35411,N722,ATGCGCAG,S510,CGTCTAAT,,
i162S,i162S,cestode_wash,FALSE,FALSE,R1,162,F162,M,1,TRUE,10apr.18,Feed1,Small,S2,2.35,49.2,106541,40876,N701,TAAGGCGA,S503,TATCCTCT,,
i162SR,i162S,cestode_wash,FALSE,FALSE,R2,162,F162,M,1,TRUE,10apr.18,Feed1,Small,S77,2.35,50,157653,64739,N716,ACTCGCTA,S503,TATCCTCT,,
i163E,i163E,cestode_body,FALSE,FALSE,R1,163,F163,F,3,TRUE,10apr.18,Feed1,Small,S20,51,46.9,70497,19833,N703,AGGCAGAA,S506,ACTGCATA,,
i163ER,i163E,cestode_body,FALSE,FALSE,R2,163,F163,F,3,TRUE,10apr.18,Feed1,Small,S95,51,41.5,2499,1014,N720,CGGAGCCT,S506,ACTGCATA,,
i163F,i163F,salmon_gut,FALSE,FALSE,R1,163,F163,F,3,TRUE,10apr.18,Feed1,Small,S40,8.12,39.4,80021,22782,N705,GGACTCCT,S511,TCTCTCCG,,
i163FR,i163F,salmon_gut,FALSE,FALSE,R2,163,F163,F,3,TRUE,10apr.18,Feed1,Small,S115,8.12,45.1,103002,29121,N722,ATGCGCAG,S511,TCTCTCCG,,
i163S,i163S,cestode_wash,FALSE,FALSE,R1,163,F163,F,3,TRUE,10apr.18,Feed1,Small,S3,0.092,40.1,121948,29151,N701,TAAGGCGA,S505,GTAAGGAG,,
i163SR,i163S,cestode_wash,FALSE,FALSE,R2,163,F163,F,3,TRUE,10apr.18,Feed1,Small,S78,0.092,37.9,114560,37695,N716,ACTCGCTA,S505,GTAAGGAG,,
i164E,i164E,cestode_body,FALSE,FALSE,R1,164,F164,M,2,TRUE,10apr.18,Feed1,Large,S21,1.42,22.9,139968,48700,N703,AGGCAGAA,S507,AAGGAGTA,,
i164ER,i164E,cestode_body,FALSE,FALSE,R2,164,F164,M,2,TRUE,10apr.18,Feed1,Large,S96,1.42,18.6,9705,4605,N720,CGGAGCCT,S507,AAGGAGTA,,
i164F,i164F,salmon_gut,FALSE,FALSE,R1,164,F164,M,2,TRUE,10apr.18,Feed1,Large,S41,11,52,137486,55460,N706,TAGGCATG,S502,CTCTCTAT,,
i164FR,i164F,salmon_gut,FALSE,FALSE,R2,164,F164,M,2,TRUE,10apr.18,Feed1,Large,S116,11,36.6,65440,28488,N723,TAGCGCTC,S502,CTCTCTAT,,
i164S,i164S,cestode_wash,FALSE,FALSE,R1,164,F164,M,2,TRUE,10apr.18,Feed1,Large,S4,0.1,39.5,120663,40520,N701,TAAGGCGA,S506,ACTGCATA,,
i164SR,i164S,cestode_wash,FALSE,FALSE,R2,164,F164,M,2,TRUE,10apr.18,Feed1,Large,S79,0.1,49.5,130810,49151,N716,ACTCGCTA,S506,ACTGCATA,,
i166E,i166E,cestode_body,FALSE,FALSE,R1,166,F166,M,2,TRUE,10apr.18,Feed1,Large,S22,18.4,37.3,153869,49197,N703,AGGCAGAA,S508,CTAAGCCT,,
i166ER,i166E,cestode_body,FALSE,FALSE,R2,166,F166,M,2,TRUE,10apr.18,Feed1,Large,S97,18.4,49.8,62689,25896,N720,CGGAGCCT,S508,CTAAGCCT,,
i166F,i166F,salmon_gut,FALSE,FALSE,R1,166,F166,M,2,TRUE,10apr.18,Feed1,Large,S42,5.98,53,145623,49796,N706,TAGGCATG,S503,TATCCTCT,,
i166FR,i166F,salmon_gut,FALSE,FALSE,R2,166,F166,M,2,TRUE,10apr.18,Feed1,Large,S117,5.98,43.4,150420,53999,N723,TAGCGCTC,S503,TATCCTCT,,
i167E,i167E,cestode_body,FALSE,FALSE,R1,167,F167,M,2,TRUE,10apr.18,Feed1,Small,S23,53,37.8,141336,50670,N703,AGGCAGAA,S510,CGTCTAAT,,
i167ER,i167E,cestode_body,FALSE,FALSE,R2,167,F167,M,2,TRUE,10apr.18,Feed1,Small,S98,53,52,96607,41954,N720,CGGAGCCT,S510,CGTCTAAT,,
i167F,i167F,salmon_gut,FALSE,FALSE,R1,167,F167,M,2,TRUE,10apr.18,Feed1,Small,S43,12.7,53,162350,59600,N706,TAGGCATG,S505,GTAAGGAG,,
i167FR,i167F,salmon_gut,FALSE,FALSE,R2,167,F167,M,2,TRUE,10apr.18,Feed1,Small,S118,12.7,41,41016,17471,N723,TAGCGCTC,S505,GTAAGGAG,,
i168E,i168E,cestode_body,FALSE,FALSE,R1,168,F168,F,3,TRUE,10apr.18,Feed1,Small,S24,58,47.6,157191,59893,N703,AGGCAGAA,S511,TCTCTCCG,,
i168ER,i168E,cestode_body,FALSE,FALSE,R2,168,F168,F,3,TRUE,10apr.18,Feed1,Small,S99,58,55,73543,32711,N720,CGGAGCCT,S511,TCTCTCCG,,
i168F,i168F,salmon_gut,FALSE,FALSE,R1,168,F168,F,3,TRUE,10apr.18,Feed1,Small,S44,47.8,51,97654,37363,N706,TAGGCATG,S506,ACTGCATA,,
i168FR,i168F,salmon_gut,FALSE,FALSE,R2,168,F168,F,3,TRUE,10apr.18,Feed1,Small,S119,47.8,45.7,77488,30546,N723,TAGCGCTC,S506,ACTGCATA,,
i168S,i168S,cestode_wash,FALSE,FALSE,R1,168,F168,F,3,TRUE,10apr.18,Feed1,Small,S5,0.966,49.8,96360,38360,N701,TAAGGCGA,S507,AAGGAGTA,,
i168SR,i168S,cestode_wash,FALSE,FALSE,R2,168,F168,F,3,TRUE,10apr.18,Feed1,Small,S80,0.966,49.8,107784,52459,N716,ACTCGCTA,S507,AAGGAGTA,,
i169E,i169E,cestode_body,FALSE,FALSE,R1,169,F169,M,1,TRUE,10apr.18,Feed1,Medium,S25,44.2,50,157968,66552,N704,TCCTGAGC,S502,CTCTCTAT,,
i169ER,i169E,cestode_body,FALSE,FALSE,R2,169,F169,M,1,TRUE,10apr.18,Feed1,Medium,S100,44.2,49.7,75549,32644,N721,TACGCTGC,S502,CTCTCTAT,,
i169F,i169F,salmon_gut,FALSE,FALSE,R1,169,F169,M,1,TRUE,10apr.18,Feed1,Medium,S45,11,49.6,93520,34527,N706,TAGGCATG,S507,AAGGAGTA,,
i169FR,i169F,salmon_gut,FALSE,FALSE,R2,169,F169,M,1,TRUE,10apr.18,Feed1,Medium,S120,11,41.9,127371,53710,N723,TAGCGCTC,S507,AAGGAGTA,,
i169S,i169S,cestode_wash,FALSE,FALSE,R1,169,F169,M,1,TRUE,10apr.18,Feed1,Medium,S6,0.948,48.5,98390,24909,N701,TAAGGCGA,S508,CTAAGCCT,,
i169SR,i169S,cestode_wash,FALSE,FALSE,R2,169,F169,M,1,TRUE,10apr.18,Feed1,Medium,S81,0.948,52,103386,50467,N716,ACTCGCTA,S508,CTAAGCCT,,
i170E,i170E,cestode_body,FALSE,FALSE,R1,170,F170,M,1,TRUE,10apr.18,Feed1,Medium,S26,60,53,159021,71037,N704,TCCTGAGC,S503,TATCCTCT,,
i170ER,i170E,cestode_body,FALSE,FALSE,R2,170,F170,M,1,TRUE,10apr.18,Feed1,Medium,S101,60,60,109473,48390,N721,TACGCTGC,S503,TATCCTCT,,
i170F,i170F,salmon_gut,FALSE,FALSE,R1,170,F170,M,1,TRUE,10apr.18,Feed1,Medium,S46,6.13,54,141738,41414,N706,TAGGCATG,S508,CTAAGCCT,,
i170FR,i170F,salmon_gut,FALSE,FALSE,R2,170,F170,M,1,TRUE,10apr.18,Feed1,Medium,S121,6.13,48.5,73997,24575,N723,TAGCGCTC,S508,CTAAGCCT,,
i170S,i170S,cestode_wash,FALSE,FALSE,R1,170,F170,M,1,TRUE,10apr.18,Feed1,Medium,S7,0.265,42.9,68782,25815,N701,TAAGGCGA,S510,CGTCTAAT,,
i170SR,i170S,cestode_wash,FALSE,FALSE,R2,170,F170,M,1,TRUE,10apr.18,Feed1,Medium,S82,0.265,51,99276,41057,N716,ACTCGCTA,S510,CGTCTAAT,,
i181E,i181E,cestode_body,FALSE,FALSE,R1,181,F181,M,1,TRUE,10apr.18,Feed1,Small,S27,56,60,85225,23682,N704,TCCTGAGC,S505,GTAAGGAG,,
i181ER,i181E,cestode_body,FALSE,FALSE,R2,181,F181,M,1,TRUE,10apr.18,Feed1,Small,S102,56,25.9,13040,5826,N721,TACGCTGC,S505,GTAAGGAG,,
i181F,i181F,salmon_gut,FALSE,FALSE,R1,181,F181,M,1,TRUE,10apr.18,Feed1,Small,S47,30.6,49.4,131077,40419,N706,TAGGCATG,S510,CGTCTAAT,,
i181FR,i181F,salmon_gut,FALSE,FALSE,R2,181,F181,M,1,TRUE,10apr.18,Feed1,Small,S122,30.6,40.7,45627,14449,N723,TAGCGCTC,S510,CGTCTAAT,,
i181S,i181S,cestode_wash,FALSE,FALSE,R1,181,F181,M,1,TRUE,10apr.18,Feed1,Small,S8,5.57,49.9,91609,31897,N701,TAAGGCGA,S511,TCTCTCCG,,
i181SR,i181S,cestode_wash,FALSE,FALSE,R2,181,F181,M,1,TRUE,10apr.18,Feed1,Small,S83,5.57,47.1,94677,37034,N716,ACTCGCTA,S511,TCTCTCCG,,
i191F,i191F,salmon_gut,FALSE,FALSE,R1,191,F191,M,0,FALSE,10apr.18,Feed1,Medium,S60,12.7,44.8,75322,28247,N710,CGAGGCTG,S506,ACTGCATA,,
i191FR,i191F,salmon_gut,FALSE,FALSE,R2,191,F191,M,0,FALSE,10apr.18,Feed1,Medium,S135,12.7,36.6,150897,54127,N726,CCTAAGAC,S506,ACTGCATA,,
i201F,i201F,salmon_gut,FALSE,FALSE,R1,201,F201,M,0,FALSE,10apr.18,Feed1,Small,S61,9.56,40.9,151615,41293,N710,CGAGGCTG,S507,AAGGAGTA,,
i201FR,i201F,salmon_gut,FALSE,FALSE,R2,201,F201,M,0,FALSE,10apr.18,Feed1,Small,S136,9.56,47.2,166375,46715,N726,CCTAAGAC,S507,AAGGAGTA,,
i208F,i208F,salmon_gut,FALSE,FALSE,R1,208,F208,M,0,FALSE,10apr.18,Feed1,Medium,S62,14.5,51,169496,74005,N710,CGAGGCTG,S508,CTAAGCCT,,
i208FR,i208F,salmon_gut,FALSE,FALSE,R2,208,F208,M,0,FALSE,10apr.18,Feed1,Medium,S137,14.5,48,102217,46667,N726,CCTAAGAC,S508,CTAAGCCT,,
i220F,i220F,salmon_gut,FALSE,FALSE,R1,220,F220,M,0,FALSE,11apr.18,Feed2,Large,S63,4.56,40,141545,49613,N710,CGAGGCTG,S510,CGTCTAAT,,
i220FR,i220F,salmon_gut,FALSE,FALSE,R2,220,F220,M,0,FALSE,11apr.18,Feed2,Large,S138,4.56,41.2,106679,36014,N726,CCTAAGAC,S510,CGTCTAAT,,
i262F,i262F,salmon_gut,FALSE,FALSE,R1,262,F262,F,0,FALSE,11apr.18,Feed2,Large,S64,9.49,51,149815,57493,N710,CGAGGCTG,S511,TCTCTCCG,,
i262FR,i262F,salmon_gut,FALSE,FALSE,R2,262,F262,F,0,FALSE,11apr.18,Feed2,Large,S139,9.49,54,70267,27149,N726,CCTAAGAC,S511,TCTCTCCG,,
i275F,i275F,salmon_gut,FALSE,FALSE,R1,275,F275,M,1,TRUE,11apr.18,Feed2,Large,S65,51,54,117343,45801,N711,AAGAGGCA,S502,CTCTCTAT,,
i275FR,i275F,salmon_gut,FALSE,FALSE,R2,275,F275,M,1,TRUE,11apr.18,Feed2,Large,S140,51,48.2,37452,14128,N727,CGATCAGT,S502,CTCTCTAT,,
i300F,i300F,salmon_gut,FALSE,FALSE,R1,300,F300,F,0,FALSE,11apr.18,Feed2,Medium,S66,2.97,49.3,189216,15714,N711,AAGAGGCA,S503,TATCCTCT,,
i300FR,i300F,salmon_gut,FALSE,FALSE,R2,300,F300,F,0,FALSE,11apr.18,Feed2,Medium,S141,2.97,36.1,104152,9324,N727,CGATCAGT,S503,TATCCTCT,,
i306F,i306F,salmon_gut,FALSE,FALSE,R1,306,F306,F,0,FALSE,11apr.18,Feed2,Medium,S67,10.1,47.6,223726,81781,N711,AAGAGGCA,S505,GTAAGGAG,,
i306FR,i306F,salmon_gut,FALSE,FALSE,R2,306,F306,F,0,FALSE,11apr.18,Feed2,Medium,S142,10.1,43.4,128818,50031,N727,CGATCAGT,S505,GTAAGGAG,,
i342E,i342E,cestode_body,FALSE,FALSE,R1,342,F342,M,2,TRUE,12apr.18,Feed2,Large,S28,18.6,35.1,106706,34148,N704,TCCTGAGC,S506,ACTGCATA,,
i342ER,i342E,cestode_body,FALSE,FALSE,R2,342,F342,M,2,TRUE,12apr.18,Feed2,Large,S103,18.6,25.8,6772,2778,N721,TACGCTGC,S506,ACTGCATA,,
i342F,i342F,salmon_gut,FALSE,FALSE,R1,342,F342,M,2,TRUE,12apr.18,Feed2,Large,S48,2.85,51,68309,20797,N706,TAGGCATG,S511,TCTCTCCG,,
i342FR,i342F,salmon_gut,FALSE,FALSE,R2,342,F342,M,2,TRUE,12apr.18,Feed2,Large,S123,2.85,45.1,86238,28413,N723,TAGCGCTC,S511,TCTCTCCG,,
i342S,i342S,cestode_wash,FALSE,FALSE,R1,342,F342,M,2,TRUE,12apr.18,Feed2,Large,S9,0.086,41.6,145427,32237,N702,CGTACTAG,S502,CTCTCTAT,,
i342SR,i342S,cestode_wash,FALSE,FALSE,R2,342,F342,M,2,TRUE,12apr.18,Feed2,Large,S84,0.086,42.4,83275,20767,N719,GCGTAGTA,S502,CTCTCTAT,,
i343E,i343E,cestode_body,FALSE,FALSE,R1,343,F343,F,1,TRUE,12apr.18,Feed2,Small,S29,0.33,44.6,116152,12220,N704,TCCTGAGC,S507,AAGGAGTA,,
i343ER,i343E,cestode_body,FALSE,FALSE,R2,343,F343,F,1,TRUE,12apr.18,Feed2,Small,S104,0.33,44.7,79426,33681,N721,TACGCTGC,S507,AAGGAGTA,,
i343F,i343F,salmon_gut,FALSE,FALSE,R1,343,F343,F,1,TRUE,12apr.18,Feed2,Small,S49,5.11,48.5,151982,57076,N707,CTCTCTAC,S502,CTCTCTAT,,
i343FR,i343F,salmon_gut,FALSE,FALSE,R2,343,F343,F,1,TRUE,12apr.18,Feed2,Small,S124,5.11,53,103182,38216,N724,ACTGAGCG,S502,CTCTCTAT,,
i343S,i343S,cestode_wash,FALSE,FALSE,R1,343,F343,F,1,TRUE,12apr.18,Feed2,Small,S10,0.383,43.7,98201,12214,N702,CGTACTAG,S503,TATCCTCT,,
i343SR,i343S,cestode_wash,FALSE,FALSE,R2,343,F343,F,1,TRUE,12apr.18,Feed2,Small,S85,0.383,38.3,133205,14248,N719,GCGTAGTA,S503,TATCCTCT,,
i344E,i344E,cestode_body,FALSE,FALSE,R1,344,F344,M,2,TRUE,12apr.18,Feed2,Medium,S30,0.86,34.9,134789,66576,N704,TCCTGAGC,S508,CTAAGCCT,,
i344ER,i344E,cestode_body,FALSE,FALSE,R2,344,F344,M,2,TRUE,12apr.18,Feed2,Medium,S105,0.86,45.4,64532,33091,N721,TACGCTGC,S508,CTAAGCCT,,
i344F,i344F,salmon_gut,FALSE,FALSE,R1,344,F344,M,2,TRUE,12apr.18,Feed2,Medium,S50,4.18,42.1,81776,27694,N707,CTCTCTAC,S503,TATCCTCT,,
i344FR,i344F,salmon_gut,FALSE,FALSE,R2,344,F344,M,2,TRUE,12apr.18,Feed2,Medium,S125,4.18,54,106313,36008,N724,ACTGAGCG,S503,TATCCTCT,,
i344S,i344S,cestode_wash,FALSE,FALSE,R1,344,F344,M,2,TRUE,12apr.18,Feed2,Medium,S11,0.153,39.5,125415,24976,N702,CGTACTAG,S505,GTAAGGAG,,
i344SR,i344S,cestode_wash,FALSE,FALSE,R2,344,F344,M,2,TRUE,12apr.18,Feed2,Medium,S86,0.153,53,82210,18141,N719,GCGTAGTA,S505,GTAAGGAG,,
i345E,i345E,cestode_body,FALSE,FALSE,R1,345,F345,M,1,TRUE,12apr.18,Feed2,Medium,S31,0.44,39.4,128471,62164,N704,TCCTGAGC,S510,CGTCTAAT,,
i345ER,i345E,cestode_body,FALSE,FALSE,R2,345,F345,M,1,TRUE,12apr.18,Feed2,Medium,S106,0.44,31.7,90114,42889,N721,TACGCTGC,S510,CGTCTAAT,,
i345F,i345F,salmon_gut,FALSE,FALSE,R1,345,F345,M,1,TRUE,12apr.18,Feed2,Medium,S51,5.94,51,164803,57112,N707,CTCTCTAC,S505,GTAAGGAG,,
i345FR,i345F,salmon_gut,FALSE,FALSE,R2,345,F345,M,1,TRUE,12apr.18,Feed2,Medium,S126,5.94,50,165847,63791,N724,ACTGAGCG,S505,GTAAGGAG,,
i345S,i345S,cestode_wash,FALSE,FALSE,R1,345,F345,M,1,TRUE,12apr.18,Feed2,Medium,S12,11.1,37.6,134137,21794,N702,CGTACTAG,S506,ACTGCATA,,
i345SR,i345S,cestode_wash,FALSE,FALSE,R2,345,F345,M,1,TRUE,12apr.18,Feed2,Medium,S87,11.1,15.3,11225,2253,N719,GCGTAGTA,S506,ACTGCATA,,
i347E,i347E,cestode_body,FALSE,FALSE,R1,347,F347,M,2,TRUE,12apr.18,Feed2,Large,S32,23.9,42.2,106721,56054,N704,TCCTGAGC,S511,TCTCTCCG,,
i347ER,i347E,cestode_body,FALSE,FALSE,R2,347,F347,M,2,TRUE,12apr.18,Feed2,Large,S107,23.9,39.8,87287,45920,N721,TACGCTGC,S511,TCTCTCCG,,
i347F,i347F,salmon_gut,FALSE,FALSE,R1,347,F347,M,2,TRUE,12apr.18,Feed2,Large,S52,1.07,50,156503,78447,N707,CTCTCTAC,S506,ACTGCATA,,
i347FR,i347F,salmon_gut,FALSE,FALSE,R2,347,F347,M,2,TRUE,12apr.18,Feed2,Large,S127,1.07,45.9,152230,3306,N724,ACTGAGCG,S506,ACTGCATA,,
i348E,i348E,cestode_body,FALSE,FALSE,R1,348,F348,F,2,TRUE,12apr.18,Feed2,Medium,S33,6.68,43.8,166450,86387,N705,GGACTCCT,S502,CTCTCTAT,,
i348ER,i348E,cestode_body,FALSE,FALSE,R2,348,F348,F,2,TRUE,12apr.18,Feed2,Medium,S108,6.68,48.6,168373,80683,N722,ATGCGCAG,S502,CTCTCTAT,,
i348F,i348F,salmon_gut,FALSE,FALSE,R1,348,F348,F,2,TRUE,12apr.18,Feed2,Medium,S53,1.17,49.5,111142,14915,N707,CTCTCTAC,S507,AAGGAGTA,,
i348FR,i348F,salmon_gut,FALSE,FALSE,R2,348,F348,F,2,TRUE,12apr.18,Feed2,Medium,S128,1.17,49.4,167780,17467,N724,ACTGAGCG,S507,AAGGAGTA,,
i348S,i348S,cestode_wash,FALSE,FALSE,R1,348,F348,F,2,TRUE,12apr.18,Feed2,Medium,S13,0.793,34.8,127166,28694,N702,CGTACTAG,S507,AAGGAGTA,,
i348SR,i348S,cestode_wash,FALSE,FALSE,R2,348,F348,F,2,TRUE,12apr.18,Feed2,Medium,S88,0.793,43.6,127331,24401,N719,GCGTAGTA,S507,AAGGAGTA,,
i349E,i349E,cestode_body,FALSE,FALSE,R1,349,F349,M,2,TRUE,12apr.18,Feed2,Small,S34,45.1,45.3,121037,51598,N705,GGACTCCT,S503,TATCCTCT,,
i349ER,i349E,cestode_body,FALSE,FALSE,R2,349,F349,M,2,TRUE,12apr.18,Feed2,Small,S109,45.1,54,156485,62318,N722,ATGCGCAG,S503,TATCCTCT,,
i349F,i349F,salmon_gut,FALSE,FALSE,R1,349,F349,M,2,TRUE,12apr.18,Feed2,Small,S54,19.9,51,154275,65956,N707,CTCTCTAC,S508,CTAAGCCT,,
i349FR,i349F,salmon_gut,FALSE,FALSE,R2,349,F349,M,2,TRUE,12apr.18,Feed2,Small,S129,19.9,49.6,149525,65095,N724,ACTGAGCG,S508,CTAAGCCT,,
i349S,i349S,cestode_wash,FALSE,FALSE,R1,349,F349,M,2,TRUE,12apr.18,Feed2,Small,S14,0.871,38.2,113075,46700,N702,CGTACTAG,S508,CTAAGCCT,,
i349SR,i349S,cestode_wash,FALSE,FALSE,R2,349,F349,M,2,TRUE,12apr.18,Feed2,Small,S89,0.871,53,98636,43258,N719,GCGTAGTA,S508,CTAAGCCT,,
i350E,i350E,cestode_body,FALSE,FALSE,R1,350,F350,M,1,TRUE,12apr.18,Feed2,Small,S35,5.69,36.8,138506,66459,N705,GGACTCCT,S505,GTAAGGAG,,
i350ER,i350E,cestode_body,FALSE,FALSE,R2,350,F350,M,1,TRUE,12apr.18,Feed2,Small,S110,5.69,49.7,206532,99151,N722,ATGCGCAG,S505,GTAAGGAG,,
i350F,i350F,salmon_gut,FALSE,FALSE,R1,350,F350,M,1,TRUE,12apr.18,Feed2,Small,S55,2.51,54,93041,34063,N707,CTCTCTAC,S510,CGTCTAAT,,
i350FR,i350F,salmon_gut,FALSE,FALSE,R2,350,F350,M,1,TRUE,12apr.18,Feed2,Small,S130,2.51,49.2,184819,69511,N724,ACTGAGCG,S510,CGTCTAAT,,
i350S,i350S,cestode_wash,FALSE,FALSE,R1,350,F350,M,1,TRUE,12apr.18,Feed2,Small,S15,0.73,29.4,115894,14729,N702,CGTACTAG,S510,CGTCTAAT,,
i350SR,i350S,cestode_wash,FALSE,FALSE,R2,350,F350,M,1,TRUE,12apr.18,Feed2,Small,S90,0.73,47,124699,16347,N719,GCGTAGTA,S510,CGTCTAAT,,
i361E,i361E,cestode_body,FALSE,FALSE,R1,361,F361,F,2,TRUE,12apr.18,Feed2,Small,S36,3.64,39.8,148839,80964,N705,GGACTCCT,S506,ACTGCATA,,
i361ER,i361E,cestode_body,FALSE,FALSE,R2,361,F361,F,2,TRUE,12apr.18,Feed2,Small,S111,3.64,51,137493,66507,N722,ATGCGCAG,S506,ACTGCATA,,
i361F,i361F,salmon_gut,FALSE,FALSE,R1,361,F361,F,2,TRUE,12apr.18,Feed2,Small,S56,2.55,39.1,71174,14790,N707,CTCTCTAC,S511,TCTCTCCG,,
i361FR,i361F,salmon_gut,FALSE,FALSE,R2,361,F361,F,2,TRUE,12apr.18,Feed2,Small,S131,2.55,52,118306,23869,N724,ACTGAGCG,S511,TCTCTCCG,,
i361S,i361S,cestode_wash,FALSE,FALSE,R1,361,F361,F,2,TRUE,12apr.18,Feed2,Small,S16,1.03,39.6,101808,27828,N702,CGTACTAG,S511,TCTCTCCG,,
i361SR,i361S,cestode_wash,FALSE,FALSE,R2,361,F361,F,2,TRUE,12apr.18,Feed2,Small,S91,1.03,49.8,103752,30475,N719,GCGTAGTA,S511,TCTCTCCG,,
i362E,i362E,cestode_body,FALSE,FALSE,R1,362,F362,M,1,TRUE,12apr.18,Feed2,Small,S37,14.1,39.3,89689,42600,N705,GGACTCCT,S507,AAGGAGTA,,
i362ER,i362E,cestode_body,FALSE,FALSE,R2,362,F362,M,1,TRUE,12apr.18,Feed2,Small,S112,14.1,48.7,133832,63242,N722,ATGCGCAG,S507,AAGGAGTA,,
i362F,i362F,salmon_gut,FALSE,FALSE,R1,362,F362,M,1,TRUE,12apr.18,Feed2,Small,S57,4.75,45.6,138650,25306,N710,CGAGGCTG,S502,CTCTCTAT,,
i362FR,i362F,salmon_gut,FALSE,FALSE,R2,362,F362,M,1,TRUE,12apr.18,Feed2,Small,S132,4.75,30.3,95345,17766,N726,CCTAAGAC,S502,CTCTCTAT,,
i362S,i362S,cestode_wash,FALSE,FALSE,R1,362,F362,M,1,TRUE,12apr.18,Feed2,Small,S17,1.05,25.7,145765,34149,N703,AGGCAGAA,S502,CTCTCTAT,,
i362SR,i362S,cestode_wash,FALSE,FALSE,R2,362,F362,M,1,TRUE,12apr.18,Feed2,Small,S92,1.05,47.2,83919,22731,N720,CGGAGCCT,S502,CTCTCTAT,,
Mock1,Mock1,c_mock,TRUE,FALSE,R1,NA,NA,NA,NA,NA,NA,NA,NA,S68,1.38,42.3,276155,46810,N711,AAGAGGCA,S506,ACTGCATA,,
Mock1R,Mock1,c_mock,TRUE,FALSE,R2,NA,NA,NA,NA,NA,NA,NA,NA,S143,1.38,40.5,72262,13020,N727,CGATCAGT,S506,ACTGCATA,,
Mock2,Mock2,c_mock,TRUE,FALSE,R1,NA,NA,NA,NA,NA,NA,NA,NA,S69,2.91,42.1,175848,26120,N711,AAGAGGCA,S507,AAGGAGTA,,
Mock2R,Mock2,c_mock,TRUE,FALSE,R2,NA,NA,NA,NA,NA,NA,NA,NA,S144,2.91,36.6,105320,18580,N727,CGATCAGT,S507,AAGGAGTA,,
Mock3,Mock3,c_mock,TRUE,FALSE,R1,NA,NA,NA,NA,NA,NA,NA,NA,S70,4.72,48,211379,33010,N711,AAGAGGCA,S508,CTAAGCCT,,
Mock3R,Mock3,c_mock,TRUE,FALSE,R2,NA,NA,NA,NA,NA,NA,NA,NA,S145,4.72,44,99838,18410,N727,CGATCAGT,S508,CTAAGCCT,,
Mock4,Mock4,c_mock,TRUE,FALSE,R1,NA,NA,NA,NA,NA,NA,NA,NA,S71,4.2,45.3,219573,35606,N711,AAGAGGCA,S510,CGTCTAAT,,
Mock4R,Mock4,c_mock,TRUE,FALSE,R2,NA,NA,NA,NA,NA,NA,NA,NA,S146,4.2,39.9,52763,10040,N727,CGATCAGT,S510,CGTCTAAT,,
